<?xml version="1.0" encoding="UTF-8"?>
<project-private xmlns="http://www.netbeans.org/ns/project-private/1">
    <editor-bookmarks xmlns="http://www.netbeans.org/ns/editor-bookmarks/2" lastBookmarkId="0"/>
    <open-files xmlns="http://www.netbeans.org/ns/projectui-open-files/2">
        <group>
            <file>file:/D:/Proyek%20Database%20Pemrograman/appsiakad-penilaian-kinerja-dosen-master/src/com/app/siakad/views/FrMenu.java</file>
            <file>file:/D:/Proyek%20Database%20Pemrograman/appsiakad-penilaian-kinerja-dosen-master/src/com/app/siakad/views/IfrMahasiswa.java</file>
            <file>file:/D:/Proyek%20Database%20Pemrograman/appsiakad-penilaian-kinerja-dosen-master/src/com/app/siakad/views/IfrDosen.java</file>
        </group>
    </open-files>
</project-private>
